Automated update: Mon Oct 27 11:39:57 UTC 2025
Automated update: Tue Oct 28 08:48:26 UTC 2025
Automated update: Wed Oct 29 08:48:20 UTC 2025
Automated update: Thu Oct 30 08:47:23 UTC 2025
Automated update: Fri Oct 31 08:46:24 UTC 2025
Automated update: Sat Nov  1 08:42:48 UTC 2025
Automated update: Sun Nov  2 08:41:07 UTC 2025
Automated update: Mon Nov  3 08:49:23 UTC 2025
Automated update: Tue Nov  4 08:49:32 UTC 2025
Automated update: Wed Nov  5 08:49:24 UTC 2025
Automated update: Thu Nov  6 08:48:47 UTC 2025
Automated update: Fri Nov  7 08:48:24 UTC 2025
Automated update: Sat Nov  8 08:43:30 UTC 2025
Automated update: Sun Nov  9 08:41:39 UTC 2025
Automated update: Mon Nov 10 08:49:00 UTC 2025
Automated update: Tue Nov 11 08:48:04 UTC 2025
Automated update: Wed Nov 12 08:49:41 UTC 2025
Automated update: Thu Nov 13 08:48:57 UTC 2025
Automated update: Fri Nov 14 08:47:31 UTC 2025
Automated update: Sat Nov 15 08:43:16 UTC 2025
